,Route_name,Route_link,Bus_name,Bus_type,Depature_time,Duration,Reaching_time,Rating,Price,Seat_Available
0,Kolkata to Durgapur (West Bengal),https://www.redbus.in/bus-tickets/kolkata-to-durgapur,SBSTC-KOLKATA - PURULIA - VIA - ASN - 05:00 - (PRL DEPOT - 262,Non AC Seater (2+3),05:00,03h 15m,08:15,3.8,INR 150,52 Seats available
1,Kolkata to Durgapur (West Bengal),https://www.redbus.in/bus-tickets/kolkata-to-durgapur,SBSTC-KARUNAMOYEE - ASANSOL - 05:15 (ASN DEPOT) - 481,Non AC Seater (2+3),05:15,03h 45m,09:00,3.8,INR 155,23 Seats available
2,Kolkata to Durgapur (West Bengal),https://www.redbus.in/bus-tickets/kolkata-to-durgapur,SBSTC-KOLKATA - ASANSOL - 05:30 (HOWRAH DEPOT) - 776,Non AC Seater (2+3),05:30,03h 30m,09:00,3.5,INR 150,48 Seats available
3,Kolkata to Durgapur (West Bengal),https://www.redbus.in/bus-tickets/kolkata-to-durgapur,SBSTC-KARUNAMOYEE - BANKURA - VIA - DURGAPUR - 05:40 - 301,Non AC Seater (2+3),05:40,03h 45m,09:25,4.1,INR 155,29 Seats available
4,Kolkata to Durgapur (West Bengal),https://www.redbus.in/bus-tickets/kolkata-to-durgapur,SBSTC-KOLKATA - ASANSOL - L/S - 06:00 (HOWRAH DEPOT) - 264,Non AC Seater (2+3),06:00,03h 30m,09:30,2.6,INR 150,51 Seats available
5,Kolkata to Durgapur (West Bengal),https://www.redbus.in/bus-tickets/kolkata-to-durgapur,SBSTC-KOLKATA - ASANSOL - 06:15 (HOWRAH DEPOT) - 405,Non AC Seater (2+3),06:15,03h 30m,09:45,4.6,INR 150,50 Seats available
6,Kolkata to Durgapur (West Bengal),https://www.redbus.in/bus-tickets/kolkata-to-durgapur,SBSTC-KARUNAMOYEE - ASANSOL - 06:15 (BEL DEPOT) - 303,Non AC Seater (2+3),06:15,03h 45m,10:00,4.4,INR 155,18 Seats available
7,Kolkata to Durgapur (West Bengal),https://www.redbus.in/bus-tickets/kolkata-to-durgapur,SBSTC-KOLKATA - ASANSOL - 06:30 (ASANSOL DEPOT) - 272,Non AC Seater (2+3),06:30,04h 15m,10:45,1.3,INR 150,52 Seats available
8,Kolkata to Durgapur (West Bengal),https://www.redbus.in/bus-tickets/kolkata-to-durgapur,SBSTC-KARUNAMOYEE - DURGAPUR - A/C - 06:35 (DGP DEPOT) - 1649,AC Seater (2+2),06:35,04h 00m,10:35,3.9,INR 300,32 Seats available
9,Kolkata to Durgapur (West Bengal),https://www.redbus.in/bus-tickets/kolkata-to-durgapur,SBSTC-KARUNAMOYEE - BANKURA - VIA - DURGAPUR - 06:40 - 305,Non AC Seater (2+3),06:40,03h 45m,10:25,3.6,INR 155,26 Seats available
10,Kolkata to Durgapur (West Bengal),https://www.redbus.in/bus-tickets/kolkata-to-durgapur,SBSTC-KOLKATA - PURULIA - VIA - ASN - 06:45 (PRL DEPOT) - 267,Non AC Seater (2+3),06:45,03h 05m,09:50,4.1,INR 150,51 Seats available
11,Kolkata to Durgapur (West Bengal),https://www.redbus.in/bus-tickets/kolkata-to-durgapur,SBSTC-KARUNAMOYEE - JHALDA - VIA - ASANSOL - 07:00 - 1088,Non AC Seater (2+3),07:00,03h 50m,10:50,4.2,INR 155,24 Seats available
12,Kolkata to Durgapur (West Bengal),https://www.redbus.in/bus-tickets/kolkata-to-durgapur,SBSTC-KOLKATA - ASANSOL - 07:00 (HOWRAH DEPOT) - 270,Non AC Seater (2+3),07:00,03h 30m,10:30,3.5,INR 150,52 Seats available
13,Kolkata to Durgapur (West Bengal),https://www.redbus.in/bus-tickets/kolkata-to-durgapur,SBSTC-KARUNAMOYEE - BANKURA - VIA - DURGAPUR - 07:20 - 742,Non AC Seater (2+3),07:20,03h 45m,11:05,3.9,INR 155,33 Seats available
14,Kolkata to Durgapur (West Bengal),https://www.redbus.in/bus-tickets/kolkata-to-durgapur,SBSTC-KARUNAMOYEE - BANKURA - A/C - 07:30 - 1499,AC Seater (2+2),07:30,03h 45m,11:15,4.3,INR 300,20 Seats available
15,Kolkata to Durgapur (West Bengal),https://www.redbus.in/bus-tickets/kolkata-to-durgapur,SBSTC-KARUNAMOYEE - ASANSOL - VOLVO - 07:50 (BEL DEPOT) - 3957,Volvo AC Seater (2+2),07:50,04h 00m,11:50,3.5,INR 360,41 Seats available
16,Kolkata to Durgapur (West Bengal),https://www.redbus.in/bus-tickets/kolkata-to-durgapur,SBSTC-KOLKATA - ASANSOL - A/C - 07:50 (HWH DEPOT) - 1182,AC Seater (2+2),07:50,03h 30m,11:20,2.9,INR 300,35 Seats available
17,Kolkata to Durgapur (West Bengal),https://www.redbus.in/bus-tickets/kolkata-to-durgapur,SBSTC-KARUNAMOYEE - ASANSOL - 08:00 (BEL DEPOT) - 308,Non AC Seater (2+3),08:00,03h 45m,11:45,3.8,INR 155,27 Seats available
18,Kolkata to Durgapur (West Bengal),https://www.redbus.in/bus-tickets/kolkata-to-durgapur,SBSTC-KOLKATA - ASANSOL - 08:15 (HOWRAH DEPOT) - 276,Non AC Seater (2+3),08:15,03h 30m,11:45,2.9,INR 150,49 Seats available
19,Kolkata to Durgapur (West Bengal),https://www.redbus.in/bus-tickets/kolkata-to-durgapur,SBSTC-KOLKATA - BAGMUNDI - 08:30 (BEL DEPOT) - 480,Non AC Seater (2+3),08:30,03h 45m,12:15,3.8,INR 150,47 Seats available
20,Kolkata to Durgapur (West Bengal),https://www.redbus.in/bus-tickets/kolkata-to-durgapur,SBSTC-KARUNAMOYEE - ASANSOL - 08:30 (ASN DEPOT) - 848,Non AC Seater (2+3),08:30,03h 45m,12:15,3.9,INR 155,38 Seats available
21,Kolkata to Durgapur (West Bengal),https://www.redbus.in/bus-tickets/kolkata-to-durgapur,SBSTC-HALDIA - CHITTARANJAN - VIA - KOLKATA - 05:00 - 278,Non AC Seater (2+3),08:45,03h 15m,12:00,4.7,INR 150,49 Seats available
22,Kolkata to Durgapur (West Bengal),https://www.redbus.in/bus-tickets/kolkata-to-durgapur,SBSTC-KOLKATA - ASANSOL - A/C - 08:50 (HOWRAH DEPOT) - 1693,AC Seater (2+2),08:50,03h 30m,12:20,3.8,INR 300,37 Seats available
23,Kolkata to Durgapur (West Bengal),https://www.redbus.in/bus-tickets/kolkata-to-durgapur,SBSTC-KARUNAMOYEE - ASANSOL - 09:00 (BEL DEPOT) - 309,Non AC Seater (2+3),09:00,03h 45m,12:45,4.3,INR 155,27 Seats available
24,Kolkata to Durgapur (West Bengal),https://www.redbus.in/bus-tickets/kolkata-to-durgapur,SBSTC-KOLKATA - DURGAPUR - 09:15 (DGP DEPOT) - 164,Non AC Seater (2+3),09:15,03h 30m,12:45,3.6,INR 150,50 Seats available
25,Kolkata to Durgapur (West Bengal),https://www.redbus.in/bus-tickets/kolkata-to-durgapur,SBSTC-KARUNAMOYEE - DURGAPUR - 09:30 (DGP DEPOT) - 485,Non AC Seater (2+3),09:30,03h 45m,13:15,3.8,INR 155,38 Seats available
26,Kolkata to Durgapur (West Bengal),https://www.redbus.in/bus-tickets/kolkata-to-durgapur,SBSTC-KOLKATA - ASANSOL - 09:45 (HOWRAH DEPOT) - 280,Non AC Seater (2+3),09:45,03h 30m,13:15,3.0,INR 150,52 Seats available
27,Kolkata to Durgapur (West Bengal),https://www.redbus.in/bus-tickets/kolkata-to-durgapur,SBSTC-KOLKATA - DURGAPUR - 10:00 (DGP DEPOT) - 165,Non AC Seater (2+3),10:00,03h 30m,13:30,4.0,INR 150,50 Seats available
28,Kolkata to Durgapur (West Bengal),https://www.redbus.in/bus-tickets/kolkata-to-durgapur,SBSTC-KOLKATA - ASANSOL - 10:30 (HOWRAH DEPOT) - 763,Non AC Seater (2+3),10:30,03h 30m,14:00,3.2,INR 150,52 Seats available
29,Kolkata to Durgapur (West Bengal),https://www.redbus.in/bus-tickets/kolkata-to-durgapur,SBSTC-KOLKATA - PURULIA - VIA - ASN - 11:00 (HWH DEPOT) - 2681,Non AC Seater (2+3),11:00,03h 30m,14:30,2.0,INR 150,50 Seats available
30,Kolkata to Durgapur (West Bengal),https://www.redbus.in/bus-tickets/kolkata-to-durgapur,SBSTC-KOLKATA - DURGAPUR - L/S - 11:20 (DGP DEPOT) - 758,Non AC Seater (2+3),11:20,03h 30m,14:50,5.0,INR 150,51 Seats available
31,Kolkata to Durgapur (West Bengal),https://www.redbus.in/bus-tickets/kolkata-to-durgapur,SBSTC-KARUNAMOYEE - DURGAPUR - 11:30 (DGP DEPOT) - 178,Non AC Seater (2+3),11:30,03h 45m,15:15,3.9,INR 155,49 Seats available
32,Kolkata to Durgapur (West Bengal),https://www.redbus.in/bus-tickets/kolkata-to-durgapur,SBSTC-KOLKATA - ASANSOL - 11:40 (ASANSOL DEPOT) - 250,Non AC Seater (2+3),11:40,03h 30m,15:10,1.0,INR 150,52 Seats available
33,Kolkata to Durgapur (West Bengal),https://www.redbus.in/bus-tickets/kolkata-to-durgapur,SBSTC-KOLKATA - PURULIA - VIA - BANKURA - 12:00 (HWH DEP - 401,Non AC Seater (2+3),12:00,03h 30m,15:30,3.8,INR 150,52 Seats available
34,Kolkata to Durgapur (West Bengal),https://www.redbus.in/bus-tickets/kolkata-to-durgapur,SBSTC-KARUNAMOYEE - BANKURA - VIA - DURGAPUR - 12:00 - 310,Non AC Seater (2+3),12:00,03h 45m,15:45,3.7,INR 155,42 Seats available
35,Kolkata to Durgapur (West Bengal),https://www.redbus.in/bus-tickets/kolkata-to-durgapur,SBSTC-KOLKATA - ASANSOL - L/S - 12:30 (ASANSOL DEPOT) - 252,Non AC Seater (2+3),12:30,03h 30m,16:00,2.1,INR 150,52 Seats available
36,Kolkata to Durgapur (West Bengal),https://www.redbus.in/bus-tickets/kolkata-to-durgapur,SBSTC-KOLKATA - DURGAPUR - 12:50 (Durgapur) - 328,Non AC Seater (2+3),12:50,03h 30m,16:20,4.2,INR 150,52 Seats available
37,Kolkata to Durgapur (West Bengal),https://www.redbus.in/bus-tickets/kolkata-to-durgapur,SBSTC-KARUNAMOYEE - DURGAPUR - 13:00 (DGP DEPOT) - 180,Non AC Seater (2+3),13:00,03h 45m,16:45,3.9,INR 155,50 Seats available
38,Kolkata to Durgapur (West Bengal),https://www.redbus.in/bus-tickets/kolkata-to-durgapur,SBSTC-KOLKATA - PURULIA - VIA - BANKURA - 13:00 (PRL DEP - 290,Non AC Seater (2+3),13:00,03h 00m,16:00,3.8,INR 150,48 Seats available
39,Kolkata to Durgapur (West Bengal),https://www.redbus.in/bus-tickets/kolkata-to-durgapur,SBSTC-KOLKATA - ASANSOL - 13:15 (ASANSOL DEPOT) - 767,Non AC Seater (2+3),13:15,03h 30m,16:45,3.8,INR 150,52 Seats available
40,Kolkata to Durgapur (West Bengal),https://www.redbus.in/bus-tickets/kolkata-to-durgapur,SBSTC-KARUNAMOYEE - ASANSOL - 13:30 (ASN DEPOT) - 246,Non AC Seater (2+3),13:30,03h 45m,17:15,3.0,INR 155,48 Seats available
41,Kolkata to Durgapur (West Bengal),https://www.redbus.in/bus-tickets/kolkata-to-durgapur,SBSTC-HALDIA - ASANSOL - VIA - KOLKATA - 09:30 (HLD DEPO - 1763,Non AC Seater (2+3),13:45,03h 30m,17:15,3.4,INR 150,52 Seats available
42,Kolkata to Durgapur (West Bengal),https://www.redbus.in/bus-tickets/kolkata-to-durgapur,SBSTC-KOLKATA - DURGAPUR - 14:00 (DGP DEPOT) - 170,Non AC Seater (2+3),14:00,03h 30m,17:30,3.8,INR 150,52 Seats available
43,Kolkata to Durgapur (West Bengal),https://www.redbus.in/bus-tickets/kolkata-to-durgapur,SBSTC-KARUNAMOYEE - ASANSOL - 14:00 (ASN DEPOT) - 247,Non AC Seater (2+3),14:00,03h 45m,17:45,4.0,INR 155,49 Seats available
44,Kolkata to Durgapur (West Bengal),https://www.redbus.in/bus-tickets/kolkata-to-durgapur,SBSTC-KOLKATA - PURULIA - VIA - ASN - 14:15 (PRL DEPOT) - 292,Non AC Seater (2+3),14:15,03h 00m,17:15,2.6,INR 150,46 Seats available
45,Kolkata to Durgapur (West Bengal),https://www.redbus.in/bus-tickets/kolkata-to-durgapur,SBSTC-KARUNAMOYEE - ASANSOL - A/C - 14:15 (ASN DEPOT) - 1132,AC Seater (2+2),14:15,03h 45m,18:00,3.5,INR 300,37 Seats available
46,Kolkata to Durgapur (West Bengal),https://www.redbus.in/bus-tickets/kolkata-to-durgapur,SBSTC-KOLKATA - BANKURA - 14:30 (Bankura Depot) - 2756,Non AC Seater (2+3),14:30,03h 30m,18:00,4.4,INR 150,52 Seats available
47,Kolkata to Durgapur (West Bengal),https://www.redbus.in/bus-tickets/kolkata-to-durgapur,SBSTC-KARUNAMOYEE - BANKURA - VIA - DURGAPUR - 14:30 - 312,Non AC Seater (2+3),14:30,03h 45m,18:15,3.9,INR 155,40 Seats available
48,Kolkata to Durgapur (West Bengal),https://www.redbus.in/bus-tickets/kolkata-to-durgapur,SBSTC-KARUNAMOYEE - ASANSOL - 15:00 (ASN DEPOT) - 248,Non AC Seater (2+3),15:00,03h 45m,18:45,3.8,INR 155,48 Seats available
49,Kolkata to Durgapur (West Bengal),https://www.redbus.in/bus-tickets/kolkata-to-durgapur,SBSTC-KOLKATA - ASANSOL - 15:00 (ASANSOL DEPOT) - 257,Non AC Seater (2+3),15:00,03h 30m,18:30,3.3,INR 150,48 Seats available
50,Kolkata to Durgapur (West Bengal),https://www.redbus.in/bus-tickets/kolkata-to-durgapur,SBSTC-KOLKATA - DURGAPUR - 15:15 (DGP DEPOT) - 759,Non AC Seater (2+3),15:15,03h 30m,18:45,3.8,INR 150,52 Seats available
51,Kolkata to Durgapur (West Bengal),https://www.redbus.in/bus-tickets/kolkata-to-durgapur,SBSTC-KOLKATA - BANKURA - 15:30 (Bankura Depot) - 294,Non AC Seater (2+3),15:30,03h 30m,19:00,3.3,INR 150,52 Seats available
52,Kolkata to Durgapur (West Bengal),https://www.redbus.in/bus-tickets/kolkata-to-durgapur,SBSTC-KARUNAMOYEE - ASANSOL - 15:30 (ASN DEPOT) - 249,Non AC Seater (2+3),15:30,03h 45m,19:15,3.9,INR 155,48 Seats available
53,Kolkata to Durgapur (West Bengal),https://www.redbus.in/bus-tickets/kolkata-to-durgapur,SBSTC-KOLKATA - ASANSOL - 16:00 (ASANSOL DEPOT) - 768,Non AC Seater (2+3),16:00,03h 30m,19:30,3.1,INR 150,50 Seats available
54,Kolkata to Durgapur (West Bengal),https://www.redbus.in/bus-tickets/kolkata-to-durgapur,SBSTC-KOLKATA - DURGAPUR - 16:15 (DGP DEPOT) - 760,Non AC Seater (2+3),16:15,03h 30m,19:45,4.5,INR 150,52 Seats available
55,Kolkata to Durgapur (West Bengal),https://www.redbus.in/bus-tickets/kolkata-to-durgapur,SBSTC-KARUNAMOYEE - ASANSOL - AC - 16:15 (BEL DEPOT) - 1566,AC Seater (2+2),16:15,04h 00m,20:15,3.4,INR 300,34 Seats available
56,Kolkata to Durgapur (West Bengal),https://www.redbus.in/bus-tickets/kolkata-to-durgapur,SBSTC-KARUNAMOYEE - DURGAPUR - 16:45 (DGP DEPOT) - 181,Non AC Seater (2+3),16:45,03h 45m,20:30,4.0,INR 155,45 Seats available
57,Kolkata to Durgapur (West Bengal),https://www.redbus.in/bus-tickets/kolkata-to-durgapur,SBSTC-KOLKATA - ASANSOL - L/S - 17:00 (ASANSOL DEPOT) - 769,Non AC Seater (2+3),17:00,03h 30m,20:30,4.1,INR 150,49 Seats available
58,Kolkata to Durgapur (West Bengal),https://www.redbus.in/bus-tickets/kolkata-to-durgapur,SBSTC-KOLKATA - DURGAPUR - 17:15 (DGP DEPOT) - 173,Non AC Seater (2+3),17:15,03h 30m,20:45,3.7,INR 150,51 Seats available
59,Kolkata to Durgapur (West Bengal),https://www.redbus.in/bus-tickets/kolkata-to-durgapur,SBSTC-KOLKATA - JAMURIA - VIA - DURGAPUR - 17:30 - 300,Non AC Seater (2+3),17:30,03h 30m,21:00,3.8,INR 150,52 Seats available
60,Kolkata to Durgapur (West Bengal),https://www.redbus.in/bus-tickets/kolkata-to-durgapur,SBSTC-KARUNAMOYEE - BANKURA - VIA - DURGAPUR - 17:30 - 311,Non AC Seater (2+3),17:30,04h 15m,21:45,3.6,INR 155,40 Seats available
61,Kolkata to Durgapur (West Bengal),https://www.redbus.in/bus-tickets/kolkata-to-durgapur,SBSTC-KOLKATA - DURGAPUR - 18:30 (DGP DEPOT) - 176,Non AC Seater (2+3),18:30,03h 30m,22:00,3.5,INR 150,52 Seats available
62,Kolkata to Durgapur (West Bengal),https://www.redbus.in/bus-tickets/kolkata-to-durgapur,Shyamoli Paribahan Pvt Ltd,Volvo Multi-Axle A/C Semi Sleeper (2+2),06:00,03h 15m,09:15,4.3,INR 486,21 Seats available
63,Kolkata to Durgapur (West Bengal),https://www.redbus.in/bus-tickets/kolkata-to-durgapur,Shyamoli Paribahan Pvt Ltd,Volvo Multi-Axle A/C Semi Sleeper (2+2),06:00,03h 15m,09:15,4.4,INR 486,21 Seats available
64,Kolkata to Durgapur (West Bengal),https://www.redbus.in/bus-tickets/kolkata-to-durgapur,SHYAMOLI Pvt. Ltd.(Karunamoyee),Volvo Multi-Axle A/C Semi Sleeper (2+2),06:15,03h 15m,09:30,3.3,INR 486,26 Seats available
65,Kolkata to Durgapur (West Bengal),https://www.redbus.in/bus-tickets/kolkata-to-durgapur,SHYAMOLI Pvt. Ltd.(Karunamoyee),Volvo Multi-Axle A/C Semi Sleeper (2+2),06:15,03h 15m,09:30,4.4,INR 486,27 Seats available
66,Kolkata to Durgapur (West Bengal),https://www.redbus.in/bus-tickets/kolkata-to-durgapur,Express Line (Karunamoyee),Volvo 9600 A/C Seater (2+2),06:30,03h 45m,10:15,4.6,INR 486,13 Seats available
67,Kolkata to Durgapur (West Bengal),https://www.redbus.in/bus-tickets/kolkata-to-durgapur,Express Line (Karunamoyee),Volvo 9600 A/C Seater (2+2),06:31,03h 44m,10:15,4.5,INR 486,11 Seats available
68,Kolkata to Durgapur (West Bengal),https://www.redbus.in/bus-tickets/kolkata-to-durgapur,SHYAMOLI Pvt. Ltd.(Karunamoyee),Scania Multi-Axle AC Semi Sleeper (2+2),07:00,03h 30m,10:30,4.4,INR 486,22 Seats available
69,Kolkata to Durgapur (West Bengal),https://www.redbus.in/bus-tickets/kolkata-to-durgapur,SHYAMOLI Pvt. Ltd.(Karunamoyee),Scania Multi-Axle AC Semi Sleeper (2+2),07:00,03h 30m,10:30,4.2,INR 486,24 Seats available
70,Kolkata to Durgapur (West Bengal),https://www.redbus.in/bus-tickets/kolkata-to-durgapur,Express Line,Volvo 9600 A/C Seater (2+2),07:05,03h 15m,10:20,4.6,INR 486,15 Seats available
71,Kolkata to Durgapur (West Bengal),https://www.redbus.in/bus-tickets/kolkata-to-durgapur,Greenline,Volvo A/C Seater (2+2),07:40,04h 00m,11:40,4.3,INR 486,33 Seats available
72,Kolkata to Durgapur (West Bengal),https://www.redbus.in/bus-tickets/kolkata-to-durgapur,Greenline (Karunamoyee),Volvo A/C B11R Multi Axle Semi Sleeper (2+2),07:45,04h 00m,11:45,4.6,INR 486,27 Seats available
73,Kolkata to Durgapur (West Bengal),https://www.redbus.in/bus-tickets/kolkata-to-durgapur,Greenline (Karunamoyee),Volvo A/C B11R Multi Axle Semi Sleeper (2+2),07:46,03h 59m,11:45,4.3,INR 486,29 Seats available
74,Kolkata to Durgapur (West Bengal),https://www.redbus.in/bus-tickets/kolkata-to-durgapur,Express Line (Karunamoyee),Volvo A/C Seater (2+2),08:15,04h 00m,12:15,4.6,INR 486,18 Seats available
75,Kolkata to Durgapur (West Bengal),https://www.redbus.in/bus-tickets/kolkata-to-durgapur,Shyamoli Paribahan Pvt Ltd,Volvo A/C Seater (2+2),08:15,04h 00m,12:15,4.3,INR 486,23 Seats available
76,Kolkata to Durgapur (West Bengal),https://www.redbus.in/bus-tickets/kolkata-to-durgapur,Express Line (Karunamoyee),Volvo A/C Seater (2+2),08:15,04h 00m,12:15,4.4,INR 486,17 Seats available
77,Kolkata to Durgapur (West Bengal),https://www.redbus.in/bus-tickets/kolkata-to-durgapur,SHYAMOLI Pvt. Ltd.(Karunamoyee),Volvo A/C Seater (2+2),08:30,04h 00m,12:30,4.5,INR 486,34 Seats available
78,Kolkata to Durgapur (West Bengal),https://www.redbus.in/bus-tickets/kolkata-to-durgapur,SHYAMOLI Pvt. Ltd.(Karunamoyee),Volvo A/C Seater (2+2),08:30,04h 00m,12:30,4.1,INR 486,34 Seats available
79,Kolkata to Durgapur (West Bengal),https://www.redbus.in/bus-tickets/kolkata-to-durgapur,Greenline,Volvo A/C Seater (2+2),08:45,04h 00m,12:45,4.5,INR 486,31 Seats available
80,Kolkata to Durgapur (West Bengal),https://www.redbus.in/bus-tickets/kolkata-to-durgapur,Shyamoli Paribahan Pvt Ltd,Volvo A/C Seater (2+2),09:15,04h 00m,13:15,4.4,INR 486,28 Seats available
81,Kolkata to Durgapur (West Bengal),https://www.redbus.in/bus-tickets/kolkata-to-durgapur,Greenline (Karunamoyee),Volvo A/C Seater (2+2),09:15,04h 00m,13:15,4.4,INR 486,14 Seats available
82,Kolkata to Durgapur (West Bengal),https://www.redbus.in/bus-tickets/kolkata-to-durgapur,Greenline (Karunamoyee),Volvo A/C Seater (2+2),09:15,04h 00m,13:15,4.9,INR 486,14 Seats available
83,Kolkata to Durgapur (West Bengal),https://www.redbus.in/bus-tickets/kolkata-to-durgapur,Greenline,Volvo A/C Seater (2+2),09:50,04h 00m,13:50,4.6,INR 486,34 Seats available
84,Kolkata to Durgapur (West Bengal),https://www.redbus.in/bus-tickets/kolkata-to-durgapur,SHYAMOLI Pvt. Ltd.(Karunamoyee),Volvo A/C Seater (2+2),10:00,04h 00m,14:00,4.1,INR 486,16 Seats available
85,Kolkata to Durgapur (West Bengal),https://www.redbus.in/bus-tickets/kolkata-to-durgapur,SHYAMOLI Pvt. Ltd.(Karunamoyee),Volvo A/C Seater (2+2),10:00,04h 00m,14:00,4.8,INR 486,16 Seats available
86,Kolkata to Durgapur (West Bengal),https://www.redbus.in/bus-tickets/kolkata-to-durgapur,Express Line,Volvo A/C Seater (2+2),10:25,04h 00m,14:25,4.6,INR 486,35 Seats available
87,Kolkata to Durgapur (West Bengal),https://www.redbus.in/bus-tickets/kolkata-to-durgapur,Greenline (Karunamoyee),Volvo A/C B11R Multi Axle Semi Sleeper (2+2),11:00,04h 00m,15:00,4.0,INR 486,26 Seats available
88,Kolkata to Durgapur (West Bengal),https://www.redbus.in/bus-tickets/kolkata-to-durgapur,Shyamoli Paribahan Pvt Ltd,Volvo A/C Seater (2+2),11:00,04h 00m,15:00,3.6,INR 486,28 Seats available
89,Kolkata to Durgapur (West Bengal),https://www.redbus.in/bus-tickets/kolkata-to-durgapur,Greenline (Karunamoyee),Volvo A/C B11R Multi Axle Semi Sleeper (2+2),11:01,03h 59m,15:00,4.8,INR 486,24 Seats available
90,Kolkata to Durgapur (West Bengal),https://www.redbus.in/bus-tickets/kolkata-to-durgapur,Greenline,Volvo A/C Seater (2+2),11:30,04h 00m,15:30,4.2,INR 486,37 Seats available
91,Kolkata to Durgapur (West Bengal),https://www.redbus.in/bus-tickets/kolkata-to-durgapur,SHYAMOLI Pvt. Ltd.(Karunamoyee),Volvo A/C Seater (2+2),12:00,04h 00m,16:00,4.2,INR 486,33 Seats available
92,Kolkata to Durgapur (West Bengal),https://www.redbus.in/bus-tickets/kolkata-to-durgapur,Shyamoli Paribahan Pvt Ltd,Volvo A/C Seater (2+2),12:00,04h 00m,16:00,4.7,INR 486,27 Seats available
93,Kolkata to Durgapur (West Bengal),https://www.redbus.in/bus-tickets/kolkata-to-durgapur,SHYAMOLI Pvt. Ltd.(Karunamoyee),Volvo A/C Seater (2+2),12:00,04h 00m,16:00,4.3,INR 486,35 Seats available
94,Kolkata to Durgapur (West Bengal),https://www.redbus.in/bus-tickets/kolkata-to-durgapur,Greenline,Volvo A/C Seater (2+2),12:30,04h 00m,16:30,3.9,INR 486,37 Seats available
95,Kolkata to Durgapur (West Bengal),https://www.redbus.in/bus-tickets/kolkata-to-durgapur,Greenline (Karunamoyee),Volvo A/C B11R Multi Axle Semi Sleeper (2+2),13:00,04h 00m,17:00,4.7,INR 486,35 Seats available
96,Kolkata to Durgapur (West Bengal),https://www.redbus.in/bus-tickets/kolkata-to-durgapur,Shyamoli Paribahan Pvt Ltd,Volvo A/C Seater (2+2),13:00,04h 00m,17:00,4.2,INR 486,29 Seats available
97,Kolkata to Durgapur (West Bengal),https://www.redbus.in/bus-tickets/kolkata-to-durgapur,Greenline (Karunamoyee),Volvo A/C B11R Multi Axle Semi Sleeper (2+2),13:01,03h 59m,17:00,4.3,INR 486,35 Seats available
98,Kolkata to Durgapur (West Bengal),https://www.redbus.in/bus-tickets/kolkata-to-durgapur,Express Line,Volvo 9600 A/C Seater (2+2),13:30,04h 00m,17:30,4.8,INR 486,48 Seats available
99,Kolkata to Durgapur (West Bengal),https://www.redbus.in/bus-tickets/kolkata-to-durgapur,SHYAMOLI Pvt. Ltd.(Karunamoyee),Volvo A/C Seater (2+2),14:00,04h 00m,18:00,4.4,INR 486,38 Seats available
100,Kolkata to Durgapur (West Bengal),https://www.redbus.in/bus-tickets/kolkata-to-durgapur,SHYAMOLI Pvt. Ltd.(Karunamoyee),Volvo A/C Seater (2+2),14:00,04h 00m,18:00,4.3,INR 486,38 Seats available
101,Kolkata to Durgapur (West Bengal),https://www.redbus.in/bus-tickets/kolkata-to-durgapur,Shyamoli Paribahan Pvt Ltd,Volvo A/C Seater (2+2),14:00,04h 00m,18:00,4.2,INR 486,30 Seats available
102,Kolkata to Durgapur (West Bengal),https://www.redbus.in/bus-tickets/kolkata-to-durgapur,Greenline,Volvo A/C Seater (2+2),14:30,04h 00m,18:30,4.9,INR 486,36 Seats available
103,Kolkata to Durgapur (West Bengal),https://www.redbus.in/bus-tickets/kolkata-to-durgapur,Shyamoli Paribahan Pvt Ltd,Scania Multi-Axle AC Semi Sleeper (2+2),15:00,03h 00m,18:00,4.5,INR 486,22 Seats available
104,Kolkata to Durgapur (West Bengal),https://www.redbus.in/bus-tickets/kolkata-to-durgapur,Greenline (Karunamoyee),Volvo A/C Seater (2+2),15:00,04h 00m,19:00,4.3,INR 486,25 Seats available
105,Kolkata to Durgapur (West Bengal),https://www.redbus.in/bus-tickets/kolkata-to-durgapur,Greenline (Karunamoyee),Volvo A/C Seater (2+2),15:00,04h 00m,19:00,4.5,INR 486,27 Seats available
106,Kolkata to Durgapur (West Bengal),https://www.redbus.in/bus-tickets/kolkata-to-durgapur,Bijoyatra travels,AC Seater (2+2),15:15,04h 10m,19:25,3.3,INR 375,45 Seats available
107,Kolkata to Durgapur (West Bengal),https://www.redbus.in/bus-tickets/kolkata-to-durgapur,Express Line,Volvo 9600 Multi Axle Semi-Sleeper (2+2),15:30,03h 00m,18:30,4.4,INR 486,44 Seats available
108,Kolkata to Durgapur (West Bengal),https://www.redbus.in/bus-tickets/kolkata-to-durgapur,Express Line (Karunamoyee),Volvo A/C Seater (2+2),15:45,04h 00m,19:45,4.3,INR 486,39 Seats available
109,Kolkata to Durgapur (West Bengal),https://www.redbus.in/bus-tickets/kolkata-to-durgapur,Express Line (Karunamoyee),Volvo A/C Seater (2+2),15:45,04h 00m,19:45,4.8,INR 486,39 Seats available
110,Kolkata to Durgapur (West Bengal),https://www.redbus.in/bus-tickets/kolkata-to-durgapur,SHYAMOLI Pvt. Ltd.(Karunamoyee),Volvo A/C Seater (2+2),16:00,04h 00m,20:00,3.5,INR 486,38 Seats available
111,Kolkata to Durgapur (West Bengal),https://www.redbus.in/bus-tickets/kolkata-to-durgapur,SHYAMOLI Pvt. Ltd.(Karunamoyee),Volvo A/C Seater (2+2),16:00,04h 00m,20:00,4.2,INR 486,38 Seats available
112,Kolkata to Durgapur (West Bengal),https://www.redbus.in/bus-tickets/kolkata-to-durgapur,Greenline,Volvo 9600 Multi Axle Semi-Sleeper (2+2),16:00,03h 15m,19:15,4.6,INR 486,39 Seats available
113,Kolkata to Durgapur (West Bengal),https://www.redbus.in/bus-tickets/kolkata-to-durgapur,Shyamoli Paribahan Pvt Ltd,Volvo A/C Seater (2+2),16:40,04h 00m,20:40,3.8,INR 486,30 Seats available
114,Kolkata to Durgapur (West Bengal),https://www.redbus.in/bus-tickets/kolkata-to-durgapur,Greenline (Karunamoyee),Volvo A/C Seater (2+2),16:45,04h 00m,20:45,4.4,INR 486,31 Seats available
115,Kolkata to Durgapur (West Bengal),https://www.redbus.in/bus-tickets/kolkata-to-durgapur,Greenline (Karunamoyee),Volvo A/C Seater (2+2),16:45,04h 00m,20:45,4.3,INR 486,31 Seats available
116,Kolkata to Durgapur (West Bengal),https://www.redbus.in/bus-tickets/kolkata-to-durgapur,Express Line (Karunamoyee),Volvo A/C Seater (2+2),17:00,04h 00m,21:00,5.0,INR 486,43 Seats available
117,Kolkata to Durgapur (West Bengal),https://www.redbus.in/bus-tickets/kolkata-to-durgapur,Express Line (Karunamoyee),Volvo A/C Seater (2+2),17:00,04h 00m,21:00,4.5,INR 486,44 Seats available
118,Kolkata to Durgapur (West Bengal),https://www.redbus.in/bus-tickets/kolkata-to-durgapur,Express Line,Volvo A/C Seater (2+2),17:20,04h 00m,21:20,4.7,INR 486,43 Seats available
119,Kolkata to Durgapur (West Bengal),https://www.redbus.in/bus-tickets/kolkata-to-durgapur,SHYAMOLI Pvt. Ltd.(Karunamoyee),Volvo A/C Seater (2+2),17:30,04h 00m,21:30,4.4,INR 486,43 Seats available
120,Kolkata to Durgapur (West Bengal),https://www.redbus.in/bus-tickets/kolkata-to-durgapur,SHYAMOLI Pvt. Ltd.(Karunamoyee),Volvo A/C Seater (2+2),17:30,04h 00m,21:30,4.2,INR 486,45 Seats available
121,Kolkata to Durgapur (West Bengal),https://www.redbus.in/bus-tickets/kolkata-to-durgapur,Greenline,Volvo A/C Seater (2+2),18:05,04h 00m,22:05,4.7,INR 486,37 Seats available
122,Kolkata to Durgapur (West Bengal),https://www.redbus.in/bus-tickets/kolkata-to-durgapur,Shyamoli Paribahan Pvt Ltd,Volvo A/C Seater (2+2),18:40,03h 45m,22:25,4.7,INR 486,31 Seats available
123,Kolkata to Durgapur (West Bengal),https://www.redbus.in/bus-tickets/kolkata-to-durgapur,Royal Cruiser,Scania Multi-Axle AC Semi Sleeper (2+2),19:30,03h 45m,23:15,3.8,INR 500,32 Seats available
124,Kolkata to Durgapur (West Bengal),https://www.redbus.in/bus-tickets/kolkata-to-durgapur,Maharani Travels,NON AC Seater / Sleeper 2+1,16:30,04h 15m,20:45,2.9,INR 600,12 Seats available
125,Kolkata to Durgapur (West Bengal),https://www.redbus.in/bus-tickets/kolkata-to-durgapur,Pariwartan Bus Service,NON A/C Seater / Sleeper (2+2),18:30,04h 30m,23:00, ,INR 500,54 Seats available
126,Kolkata to Durgapur (West Bengal),https://www.redbus.in/bus-tickets/kolkata-to-durgapur,Tulsi Travel,NON A/C Seater / Sleeper (2+2),14:45,02h 15m,17:00,1.4,INR 899,61 Seats available
127,Kolkata to Durgapur (West Bengal),https://www.redbus.in/bus-tickets/kolkata-to-durgapur,Maharani Travels,A/C Seater / Sleeper (2+1),21:05,04h 25m,01:30,2.9,INR 800,18 Seats available
128,Haldia to Kolkata,https://www.redbus.in/bus-tickets/haldia-to-kolkata,SBSTC-HALDIA - CHITTARANJAN - VIA - KOLKATA - 05:00 - 278,Non AC Seater (2+3),05:00,03h 45m,08:45,4.0,INR 110,36 Seats available
129,Haldia to Kolkata,https://www.redbus.in/bus-tickets/haldia-to-kolkata,SBSTC-HALDIA - KOLKATA - ALL STOP - 05:30 (HALDIA DEPOT) - 626,Non AC Seater (2+3),05:30,03h 00m,08:30,4.0,INR 110,43 Seats available
130,Haldia to Kolkata,https://www.redbus.in/bus-tickets/haldia-to-kolkata,SBSTC-HALDIA - KOLKATA - 06:20 (Haldia Depot) - 1028,Non AC Seater (2+3),06:20,03h 00m,09:20,3.9,INR 110,48 Seats available
131,Haldia to Kolkata,https://www.redbus.in/bus-tickets/haldia-to-kolkata,SBSTC-HALDIA - KOLKATA - 06:40 (Haldia Depot) - 697,Non AC Seater (2+3),06:40,03h 00m,09:40,4.1,INR 110,48 Seats available
132,Haldia to Kolkata,https://www.redbus.in/bus-tickets/haldia-to-kolkata,SBSTC-HALDIA - KOLKATA - NON STOP - 07:15 (Haldia Depot) - 627,Non AC Seater (2+3),07:15,03h 00m,10:15,4.3,INR 135,40 Seats available
133,Haldia to Kolkata,https://www.redbus.in/bus-tickets/haldia-to-kolkata,SBSTC-HALDIA - KOLKATA - 07:40 (HALDIA DEPOT) - 634,Non AC Seater (2+3),07:40,03h 00m,10:40,3.9,INR 110,44 Seats available
134,Haldia to Kolkata,https://www.redbus.in/bus-tickets/haldia-to-kolkata,SBSTC-HALDIA - KOLKATA - 08.00 (HALDIA DEPOT) - 632,Non AC Seater (2+3),08:00,03h 00m,11:00,3.8,INR 110,45 Seats available
135,Haldia to Kolkata,https://www.redbus.in/bus-tickets/haldia-to-kolkata,SBSTC-HALDIA - KOLKATA - A/C - 08:30 (Haldia Depot) - 1014,AC Seater (2+2),08:30,03h 00m,11:30,4.2,INR 210,26 Seats available
136,Haldia to Kolkata,https://www.redbus.in/bus-tickets/haldia-to-kolkata,SBSTC-HALDIA - KOLKATA - 09:00 (Haldia Depot) - 1329,Non AC Seater (2+3),09:00,03h 00m,12:00,3.8,INR 110,47 Seats available
137,Haldia to Kolkata,https://www.redbus.in/bus-tickets/haldia-to-kolkata,SBSTC-HALDIA - ASANSOL - VIA - KOLKATA - 09:30 (HLD DEPO - 1763,Non AC Seater (2+3),09:30,04h 15m,13:45,3.7,INR 110,44 Seats available
138,Haldia to Kolkata,https://www.redbus.in/bus-tickets/haldia-to-kolkata,SBSTC-HALDIA - KOLKATA - ALL STOP - 10:00 (BEL DEPOT) - 633,Non AC Seater (2+3),10:00,03h 00m,13:00,3.0,INR 110,44 Seats available
139,Haldia to Kolkata,https://www.redbus.in/bus-tickets/haldia-to-kolkata,SBSTC-HALDIA - KOLKATA - 11:00 (Haldia Depot) - 1331,Non AC Seater (2+3),11:00,03h 00m,14:00,3.0,INR 110,50 Seats available
140,Haldia to Kolkata,https://www.redbus.in/bus-tickets/haldia-to-kolkata,SBSTC-HALDIA - KOLKATA - 12:00 (Belgharia Depot) - 3630,Non AC Seater (2+3),12:00,03h 00m,15:00,3.1,INR 110,51 Seats available
141,Haldia to Kolkata,https://www.redbus.in/bus-tickets/haldia-to-kolkata,SBSTC-HALDIA - KOLKATA - 12:20 (HWH DEPOT) - 1092,Non AC Seater (2+3),12:20,03h 00m,15:20,3.4,INR 110,52 Seats available
142,Haldia to Kolkata,https://www.redbus.in/bus-tickets/haldia-to-kolkata,SBSTC-HALDIA - KOLKATA - 13:00 (Haldia Depot) - 635,Non AC Seater (2+3),13:00,03h 00m,16:00,3.5,INR 110,46 Seats available
143,Haldia to Kolkata,https://www.redbus.in/bus-tickets/haldia-to-kolkata,SBSTC-HALDIA - KOLKATA - ALL STOP - 13:30 (Haldia Depot) - 629,Non AC Seater (2+3),13:30,03h 00m,16:30,4.2,INR 110,40 Seats available
144,Haldia to Kolkata,https://www.redbus.in/bus-tickets/haldia-to-kolkata,SBSTC-HALDIA - KOLKATA - 14:00 (Haldia Depot) - 640,Non AC Seater (2+3),14:00,03h 00m,17:00,4.3,INR 110,31 Seats available
145,Haldia to Kolkata,https://www.redbus.in/bus-tickets/haldia-to-kolkata,SBSTC-HALDIA - KOLKATA - 15:00 (Haldia Depot) - 641,Non AC Seater (2+3),15:00,03h 00m,18:00,3.8,INR 110,39 Seats available
146,Haldia to Kolkata,https://www.redbus.in/bus-tickets/haldia-to-kolkata,SBSTC-HALDIA - KOLKATA - 16:05 (HALDIA DEPOT) - 1328,Non AC Seater (2+3),16:05,03h 00m,19:05,3.6,INR 110,48 Seats available
147,Haldia to Kolkata,https://www.redbus.in/bus-tickets/haldia-to-kolkata,SBSTC-HALDIA - KOLKATA - ALL STOP - 17:30 (HLD DEPOT) - 630,Non AC Seater (2+3),17:30,03h 00m,20:30,3.8,INR 110,49 Seats available
148,Haldia to Kolkata,https://www.redbus.in/bus-tickets/haldia-to-kolkata,WBTC (CTC) Habra- Barasat- Haldia - 180|16:45,Non AC Seater (2+3),16:45,02h 45m,19:30,4.0,INR 97,35 Seats available
149,Haldia to Kolkata,https://www.redbus.in/bus-tickets/haldia-to-kolkata,Satadal Travels,A/C Seater (2+2),05:55,03h 35m,09:30,3.6,167,34 Seats available
150,Haldia to Kolkata,https://www.redbus.in/bus-tickets/haldia-to-kolkata,Satadal Travels,A/C Seater (2+2),05:55,03h 34m,09:29,3.7,INR 185,34 Seats available
151,Haldia to Kolkata,https://www.redbus.in/bus-tickets/haldia-to-kolkata,Droupadi Paribahan,A/C Seater (2+3),06:10,02h 50m,09:00,3.1,INR 160,55 Seats available
152,Haldia to Kolkata,https://www.redbus.in/bus-tickets/haldia-to-kolkata,Diamond City Service,A/C Executive (2+3),06:30,03h 45m,10:15,4.4,170,39 Seats available
153,Haldia to Kolkata,https://www.redbus.in/bus-tickets/haldia-to-kolkata,Gogol City Service,AC Seater (2+3),07:00,02h 45m,09:45,4.5,149,42 Seats available
154,Haldia to Kolkata,https://www.redbus.in/bus-tickets/haldia-to-kolkata,Swapna Paribahan,Non AC Seater (2+3),07:00,03h 15m,10:15,4.1,INR 150,23 Seats available
155,Haldia to Kolkata,https://www.redbus.in/bus-tickets/haldia-to-kolkata,Droupadi Bus Service,Non AC Seater (2+3),07:15,03h 00m,10:15,3.3,INR 121,54 Seats available
156,Haldia to Kolkata,https://www.redbus.in/bus-tickets/haldia-to-kolkata,Gogol City Service,AC Seater (2+3),07:50,02h 55m,10:45,4.1,149,48 Seats available
157,Haldia to Kolkata,https://www.redbus.in/bus-tickets/haldia-to-kolkata,Droupadi City Service,A/C Seater (2+3),07:00,02h 35m,09:35,2.8,180,57 Seats available
158,Kolkata to Haldia,https://www.redbus.in/bus-tickets/kolkata-to-haldia,SBSTC-KOLKATA - HALDIA - 06:30 (BEL DEPOT) - 557,Non AC Seater (2+3),06:30,03h 00m,09:30,4.1,INR 110,50 Seats available
159,Kolkata to Haldia,https://www.redbus.in/bus-tickets/kolkata-to-haldia,SBSTC-BARRACKPORE - HALDIA - VIA - BELGHARIA - 06:40 - 902,Non AC Seater (2+3),07:15,03h 00m,10:15,4.1,INR 112,36 Seats available
160,Kolkata to Haldia,https://www.redbus.in/bus-tickets/kolkata-to-haldia,SBSTC-KOLKATA - HALDIA - NON STOP - 07:15 (Haldia Depot) - 606,Non AC Seater (2+3),07:15,03h 00m,10:15,4.3,INR 135,44 Seats available
161,Kolkata to Haldia,https://www.redbus.in/bus-tickets/kolkata-to-haldia,SBSTC-KOLKATA - HALDIA - 07:45 (Haldia Depot) - 699,Non AC Seater (2+3),07:45,03h 00m,10:45,4.1,INR 110,47 Seats available
162,Kolkata to Haldia,https://www.redbus.in/bus-tickets/kolkata-to-haldia,SBSTC-KOLKATA - HALDIA - 08:10 (HWH DEPOT) - 1972,Non AC Seater (2+3),08:10,03h 00m,11:10,3.8,INR 110,49 Seats available
163,Kolkata to Haldia,https://www.redbus.in/bus-tickets/kolkata-to-haldia,SBSTC-KOLKATA - HALDIA - NON STOP - 8:30 (HALDIA DEPOT) - 567,Non AC Seater (2+3),08:30,03h 00m,11:30,4.3,INR 135,44 Seats available
164,Kolkata to Haldia,https://www.redbus.in/bus-tickets/kolkata-to-haldia,SBSTC-KOLKATA - HALDIA - 10:05 (Haldia Depot) - 3985,Non AC Seater (2+3),10:05,03h 00m,13:05,4.8,INR 110,50 Seats available
165,Kolkata to Haldia,https://www.redbus.in/bus-tickets/kolkata-to-haldia,SBSTC-KOLKATA - HALDIA - 10:30 (Haldia Depot) - 1078,Non AC Seater (2+3),10:30,03h 00m,13:30,4.2,INR 110,49 Seats available
166,Kolkata to Haldia,https://www.redbus.in/bus-tickets/kolkata-to-haldia,SBSTC-KOLKATA - HALDIA - 11:15 (Haldia Depot) - 698,Non AC Seater (2+3),11:15,03h 00m,14:15,3.9,INR 110,51 Seats available
167,Kolkata to Haldia,https://www.redbus.in/bus-tickets/kolkata-to-haldia,SBSTC-KOLKATA - HALDIA - 12.00 (HALDIA DEPOT) - 561,Non AC Seater (2+3),12:00,03h 00m,15:00,4.1,INR 110,52 Seats available
168,Kolkata to Haldia,https://www.redbus.in/bus-tickets/kolkata-to-haldia,SBSTC-KOLKATA - HALDIA - 12.30 (HALDIA DEPOT) - 3987,Non AC Seater (2+3),12:30,03h 00m,15:30,4.4,INR 110,52 Seats available
169,Kolkata to Haldia,https://www.redbus.in/bus-tickets/kolkata-to-haldia,SBSTC-KOLKATA - HALDIA - 13:05 (HALDIA DEPOT) - 4017,Non AC Seater (2+3),13:05,03h 00m,16:05,4.0,INR 110,52 Seats available
170,Kolkata to Haldia,https://www.redbus.in/bus-tickets/kolkata-to-haldia,SBSTC-CHITTARANJAN - HALDIA - VIA - KOLKATA - 05:40 - 199,Non AC Seater (2+3),13:30,03h 00m,16:30,4.0,INR 110,52 Seats available
171,Kolkata to Haldia,https://www.redbus.in/bus-tickets/kolkata-to-haldia,SBSTC-KOLKATA - HALDIA - SPL - 14:05 (Haldia Depot) - 3015,Non AC Seater (2+3),14:05,03h 20m,17:25,3.8,INR 98,52 Seats available
172,Kolkata to Haldia,https://www.redbus.in/bus-tickets/kolkata-to-haldia,SBSTC-KOLKATA - HALDIA - A/C - 14:30 (Haldia Depot) - 980,AC Seater (2+2),14:30,03h 00m,17:30,4.1,INR 210,27 Seats available
173,Kolkata to Haldia,https://www.redbus.in/bus-tickets/kolkata-to-haldia,SBSTC-ASANSOL - HALDIA - VIA - KOLKATA - 08:05 (HLD DEPO - 744,Non AC Seater (2+3),14:45,03h 00m,17:45,2.6,INR 110,50 Seats available
174,Kolkata to Haldia,https://www.redbus.in/bus-tickets/kolkata-to-haldia,SBSTC-KOLKATA - HALDIA - NON STOP - 15:30 (HALDIA DEPOT) - 569,Non AC Seater (2+3),15:30,03h 00m,18:30,4.3,INR 135,47 Seats available
175,Kolkata to Haldia,https://www.redbus.in/bus-tickets/kolkata-to-haldia,SBSTC-KOLKATA - HALDIA - 16:30 (Haldia Depot) - 809,Non AC Seater (2+3),16:30,03h 00m,19:30,4.2,INR 110,51 Seats available
176,Kolkata to Haldia,https://www.redbus.in/bus-tickets/kolkata-to-haldia,SBSTC-KOLKATA - HALDIA - 17:00 (Haldia Depot) - 3017,Non AC Seater (2+3),17:00,03h 00m,20:00,3.8,INR 110,49 Seats available
177,Kolkata to Haldia,https://www.redbus.in/bus-tickets/kolkata-to-haldia,SBSTC-KOLKATA - HALDIA - 17.30 (HALDIA DEPOT) - 565,Non AC Seater (2+3),17:30,03h 00m,20:30,4.2,INR 110,45 Seats available
178,Kolkata to Haldia,https://www.redbus.in/bus-tickets/kolkata-to-haldia,SBSTC-KOLKATA - HALDIA - 18.15 (HALDIA DEPOT) - 566,Non AC Seater (2+3),18:15,03h 00m,21:15,3.3,INR 110,34 Seats available
179,Kolkata to Haldia,https://www.redbus.in/bus-tickets/kolkata-to-haldia,WBTC (CTC) Habra- Barasat- Haldia - 180|07:40,Non AC Seater (2+3),07:40,03h 05m,10:45,4.1,INR 97,34 Seats available
180,Kolkata to Haldia,https://www.redbus.in/bus-tickets/kolkata-to-haldia,Gogol City Service,AC Seater (2+3),12:50,02h 45m,15:35,4.1,149,60 Seats available
181,Kolkata to Haldia,https://www.redbus.in/bus-tickets/kolkata-to-haldia,Gogol City Service,AC Seater (2+3),13:30,02h 45m,16:15,4.3,149,56 Seats available
182,Kolkata to Haldia,https://www.redbus.in/bus-tickets/kolkata-to-haldia,Satadal Travels,A/C Seater (2+2),14:55,03h 20m,18:15,3.8,167,39 Seats available
183,Kolkata to Haldia,https://www.redbus.in/bus-tickets/kolkata-to-haldia,Satadal Travels,A/C Seater (2+2),14:56,03h 19m,18:15,3.7,INR 185,39 Seats available
184,Kolkata to Haldia,https://www.redbus.in/bus-tickets/kolkata-to-haldia,Diamond City Service,A/C Executive (2+3),15:10,03h 45m,18:55,4.5,170,35 Seats available
185,Kolkata to Haldia,https://www.redbus.in/bus-tickets/kolkata-to-haldia,Droupadi City Service,A/C Seater (2+3),15:20,02h 50m,18:10,3.0,180,57 Seats available
186,Kolkata to Haldia,https://www.redbus.in/bus-tickets/kolkata-to-haldia,Swapna Paribahan,Non AC Seater (2+3),16:55,04h 30m,21:25,3.0,INR 150,25 Seats available
187,Kolkata to Haldia,https://www.redbus.in/bus-tickets/kolkata-to-haldia,Droupadi Paribahan,A/C Seater (2+3),14:10,02h 48m,16:58,2.7,INR 160,61 Seats available
188,Kolkata to Haldia,https://www.redbus.in/bus-tickets/kolkata-to-haldia,Droupadi Bus Service,Non AC Seater (2+3),16:20,02h 50m,19:10,2.2,INR 121,53 Seats available
189,Midnapore to Kolkata,https://www.redbus.in/bus-tickets/midnapore-to-kolkata,SBSTC-MIDNAPUR - KOLKATA - 04:40 (MID DEPOT) - 864,Non AC Seater (2+3),04:40,19h 20m,00:00,4.4,INR 110,38 Seats available
190,Midnapore to Kolkata,https://www.redbus.in/bus-tickets/midnapore-to-kolkata,SBSTC-MIDNAPUR - KOLKATA - 05:10 (MID DEPOT) - 3210,Non AC Seater (2+3),05:10,18h 50m,00:00,3.8,INR 110,48 Seats available
191,Midnapore to Kolkata,https://www.redbus.in/bus-tickets/midnapore-to-kolkata,SBSTC-MIDNAPUR - KOLKATA - 05:30 (MID DEPOT) - 1220,Non AC Seater (2+3),05:30,18h 30m,00:00,4.3,INR 110,37 Seats available
192,Midnapore to Kolkata,https://www.redbus.in/bus-tickets/midnapore-to-kolkata,SBSTC-MIDNAPUR - KARUNAMOYEE - VIA - ECOPARK - 06:50 (MI - 4000,Express Non AC Seater 2+3,06:50,17h 10m,00:00,3.7,INR 130,35 Seats available
193,Midnapore to Kolkata,https://www.redbus.in/bus-tickets/midnapore-to-kolkata,SBSTC-MIDNAPUR - KARUNAMOYEE - 07:15 (MID DEPOT) - 951,Non AC Seater (2+3),07:15,16h 45m,00:00,3.9,INR 118,28 Seats available
194,Midnapore to Kolkata,https://www.redbus.in/bus-tickets/midnapore-to-kolkata,SBSTC-MIDNAPUR - KOLKATA - A/C - 07:30 (MIDNAPUR DEPOT) - 4018,AC Seater (2+2),07:30,16h 30m,00:00,4.4,INR 190,32 Seats available
195,Midnapore to Kolkata,https://www.redbus.in/bus-tickets/midnapore-to-kolkata,SBSTC-MIDNAPUR - KOLKATA - 08:15 (MID DEPOT) - 866,Non AC Seater (2+3),08:15,15h 45m,00:00,3.8,INR 110,30 Seats available
196,Midnapore to Kolkata,https://www.redbus.in/bus-tickets/midnapore-to-kolkata,SBSTC-JHARGRAM - KOLKATA - VIA - MIDNAPUR - 06:50 - 1660,Non AC Seater (2+3),08:40,15h 20m,00:00,1.0,INR 110,50 Seats available
197,Midnapore to Kolkata,https://www.redbus.in/bus-tickets/midnapore-to-kolkata,SBSTC-MIDNAPUR - KOLKATA - 10:00 (MID DEPOT) - 3169,Non AC Seater (2+3),10:00,14h 00m,00:00,3.9,INR 110,48 Seats available
198,Midnapore to Kolkata,https://www.redbus.in/bus-tickets/midnapore-to-kolkata,SBSTC-JHARGRAM - KOLKATA - VIA - MIDNAPUR - 09:00 - 1765,Non AC Seater (2+3),10:45,13h 15m,00:00,4.2,INR 110,47 Seats available
199,Midnapore to Kolkata,https://www.redbus.in/bus-tickets/midnapore-to-kolkata,SBSTC-MIDNAPUR - KOLKATA - 11:30 (MID DEPOT) - 1321,Non AC Seater (2+3),11:30,12h 30m,00:00,4.9,INR 110,50 Seats available
200,Midnapore to Kolkata,https://www.redbus.in/bus-tickets/midnapore-to-kolkata,SBSTC-JHARGRAM - GARIA - VIA - MIDNAPUR-KOLKATA - 10:45 - 3802,Non AC Seater (2+3),12:20,11h 40m,00:00,2.7,INR 110,43 Seats available
201,Midnapore to Kolkata,https://www.redbus.in/bus-tickets/midnapore-to-kolkata,SBSTC-MIDNAPUR - KOLKATA - 13:30 (MID DEPOT) - 870,Non AC Seater (2+3),13:30,10h 30m,00:00,3.8,INR 110,49 Seats available
202,Midnapore to Kolkata,https://www.redbus.in/bus-tickets/midnapore-to-kolkata,SBSTC-MIDNAPUR - HABRA - 14:00 (MID DEPOT) - 1397,Non AC Seater (2+3),14:00,10h 00m,00:00,4.2,INR 111,23 Seats available
203,Midnapore to Kolkata,https://www.redbus.in/bus-tickets/midnapore-to-kolkata,SBSTC-MIDNAPUR - KOLKATA - 14:30 (MID DEPOT) - 871,Non AC Seater (2+3),14:30,09h 30m,00:00,3.9,INR 110,47 Seats available
204,Midnapore to Kolkata,https://www.redbus.in/bus-tickets/midnapore-to-kolkata,SBSTC-JHARGRAM - KARUNAMOYEE - VIA - KOLKATA - 13:35 - 1764,Non AC Seater (2+3),15:05,08h 55m,00:00,4.5,INR 110,45 Seats available
205,Midnapore to Kolkata,https://www.redbus.in/bus-tickets/midnapore-to-kolkata,SBSTC-MIDNAPUR - GARIA - 15:30 (MID DEPOT) - 1511,Non AC Seater (2+3),15:30,08h 30m,00:00,3.3,INR 129,50 Seats available
206,Midnapore to Kolkata,https://www.redbus.in/bus-tickets/midnapore-to-kolkata,SBSTC-MIDNAPUR - BARASAT - 16:00 (MID DEPOT) - 1193,Non AC Seater (2+3),16:00,08h 00m,00:00,3.8,INR 111,44 Seats available
207,Midnapore to Kolkata,https://www.redbus.in/bus-tickets/midnapore-to-kolkata,SBSTC-MIDNAPUR - KARUNAMOYEE - 16:40 - 997,Non AC Seater (2+3),16:40,07h 20m,00:00,3.8,INR 118,45 Seats available
208,Kolkata to Arambagh (West Bengal),https://www.redbus.in/bus-tickets/kolkata-to-arambagh-west-bengal,SBSTC-KOLKATA - BISHNUPUR - VIA - ARAMBAG - 06:25 (ARM D - 3610,Non AC Seater (2+3),06:25,02h 30m,08:55,4.1,INR 76,39 Seats available
209,Kolkata to Arambagh (West Bengal),https://www.redbus.in/bus-tickets/kolkata-to-arambagh-west-bengal,SBSTC-KOLKATA - ARAMBAG - NON STOP - 07:30 - 574,Non AC Seater (2+3),07:30,02h 30m,10:00,4.4,INR 95,45 Seats available
210,Kolkata to Arambagh (West Bengal),https://www.redbus.in/bus-tickets/kolkata-to-arambagh-west-bengal,SBSTC-KOLKATA - ARAMBAG - NON STOP - 08:30 - 575,Non AC Seater (2+3),08:30,02h 30m,11:00,4.4,INR 95,42 Seats available
211,Kolkata to Arambagh (West Bengal),https://www.redbus.in/bus-tickets/kolkata-to-arambagh-west-bengal,SBSTC-KOLKATA - ARAMBAG - 09:30 (ARM DEPOT) - 1909,Non AC Seater (2+3),09:30,02h 30m,12:00,3.5,INR 95,50 Seats available
212,Kolkata to Arambagh (West Bengal),https://www.redbus.in/bus-tickets/kolkata-to-arambagh-west-bengal,SBSTC-KOLKATA - ARAMBAG - 10:30 (ARM DEPOT) - 1310,Non AC Seater (2+3),10:30,02h 30m,13:00,4.5,INR 95,52 Seats available
213,Kolkata to Arambagh (West Bengal),https://www.redbus.in/bus-tickets/kolkata-to-arambagh-west-bengal,SBSTC-KOLKATA - ARAMBAG - ALL STOP - 11:00 - 2561,Non AC Seater (2+3),11:00,02h 30m,13:30,4.2,INR 76,50 Seats available
214,Kolkata to Arambagh (West Bengal),https://www.redbus.in/bus-tickets/kolkata-to-arambagh-west-bengal,SBSTC-KOLKATA - ARAMBAG - NON STOP - 11:30 - 579,Non AC Seater (2+3),11:30,02h 30m,14:00,3.9,INR 95,52 Seats available
215,Kolkata to Arambagh (West Bengal),https://www.redbus.in/bus-tickets/kolkata-to-arambagh-west-bengal,SBSTC-KOLKATA - ARAMBAG - NON STOP - 12:30 - 580,Non AC Seater (2+3),12:30,02h 30m,15:00,4.6,INR 95,49 Seats available
216,Kolkata to Arambagh (West Bengal),https://www.redbus.in/bus-tickets/kolkata-to-arambagh-west-bengal,SBSTC-KOLKATA - ARAMBAG - NON STOP - 14:30 - 582,Non AC Seater (2+3),14:30,02h 30m,17:00,4.0,INR 95,24 Seats available
217,Kolkata to Arambagh (West Bengal),https://www.redbus.in/bus-tickets/kolkata-to-arambagh-west-bengal,SBSTC-KOLKATA - ARAMBAG - NON STOP - 15:30 - 583,Non AC Seater (2+3),15:30,02h 30m,18:00,4.2,INR 95,29 Seats available
218,Kolkata to Arambagh (West Bengal),https://www.redbus.in/bus-tickets/kolkata-to-arambagh-west-bengal,SBSTC-KOLKATA - ARAMBAG - 16:30 - 584,Non AC Seater (2+3),16:30,02h 30m,19:00,4.3,INR 95,25 Seats available
219,Kolkata to Arambagh (West Bengal),https://www.redbus.in/bus-tickets/kolkata-to-arambagh-west-bengal,SBSTC-KOLKATA-ARAMBAG-17:30 - 585,Non AC Seater (2+3),17:30,02h 30m,20:00,4.1,INR 95,34 Seats available
220,Kolkata to Arambagh (West Bengal),https://www.redbus.in/bus-tickets/kolkata-to-arambagh-west-bengal,BASUNDHARA TRAVELS,Non AC Seater (2+3),07:35,02h 35m,10:10,3.2,INR 92,16 Seats available
221,Kolkata to Bankura,https://www.redbus.in/bus-tickets/kolkata-to-bankura,SBSTC-KARUNAMOYEE - BANKURA - VIA - DURGAPUR - 05:40 - 301,Non AC Seater (2+3),05:40,05h 30m,11:10,3.7,INR 185,30 Seats available
222,Kolkata to Bankura,https://www.redbus.in/bus-tickets/kolkata-to-bankura,SBSTC-KARUNAMOYEE - BANKURA - VIA - DURGAPUR - 06:40 - 305,Non AC Seater (2+3),06:40,05h 30m,12:10,3.7,INR 185,26 Seats available
223,Kolkata to Bankura,https://www.redbus.in/bus-tickets/kolkata-to-bankura,SBSTC-KARUNAMOYEE - BANKURA - VIA - DURGAPUR - 07:20 - 742,Non AC Seater (2+3),07:20,05h 30m,12:50,3.6,INR 185,30 Seats available
224,Kolkata to Bankura,https://www.redbus.in/bus-tickets/kolkata-to-bankura,SBSTC-KARUNAMOYEE - BANKURA - A/C - 07:30 - 1499,AC Seater (2+2),07:30,05h 30m,13:00,3.5,INR 360,20 Seats available
225,Kolkata to Bankura,https://www.redbus.in/bus-tickets/kolkata-to-bankura,SBSTC-KOLKATA - BAGMUNDI - 08:30 (BEL DEPOT) - 480,Non AC Seater (2+3),08:30,04h 00m,12:30,2.4,INR 180,47 Seats available
226,Kolkata to Bankura,https://www.redbus.in/bus-tickets/kolkata-to-bankura,SBSTC-KARUNAMOYEE - BANKURA - VIA - DURGAPUR - 12:00 - 310,Non AC Seater (2+3),12:00,05h 30m,17:30,3.0,INR 185,41 Seats available
227,Kolkata to Bankura,https://www.redbus.in/bus-tickets/kolkata-to-bankura,SBSTC-KOLKATA - PURULIA - VIA - BANKURA - 12:00 (HWH DEP - 401,Non AC Seater (2+3),12:00,04h 00m,16:00,3.5,INR 180,51 Seats available
228,Kolkata to Bankura,https://www.redbus.in/bus-tickets/kolkata-to-bankura,SBSTC-KOLKATA - PURULIA - VIA - BANKURA - 13:00 (PRL DEP - 290,Non AC Seater (2+3),13:00,04h 00m,17:00,3.0,INR 180,45 Seats available
229,Kolkata to Bankura,https://www.redbus.in/bus-tickets/kolkata-to-bankura,SBSTC-KARUNAMOYEE - BANKURA - VIA - DURGAPUR - 14:30 - 312,Non AC Seater (2+3),14:30,05h 30m,20:00,3.4,INR 185,38 Seats available
230,Kolkata to Bankura,https://www.redbus.in/bus-tickets/kolkata-to-bankura,SBSTC-KOLKATA - BANKURA - 14:30 (Bankura Depot) - 2756,Non AC Seater (2+3),14:30,04h 00m,18:30,3.3,INR 180,52 Seats available
231,Kolkata to Bankura,https://www.redbus.in/bus-tickets/kolkata-to-bankura,SBSTC-KOLKATA - BANKURA - 15:30 (Bankura Depot) - 294,Non AC Seater (2+3),15:30,04h 00m,19:30,3.1,INR 180,52 Seats available
232,Kolkata to Bankura,https://www.redbus.in/bus-tickets/kolkata-to-bankura,SBSTC-KARUNAMOYEE - BANKURA - VIA - DURGAPUR - 17:30 - 311,Non AC Seater (2+3),17:30,05h 30m,23:00,4.0,INR 185,43 Seats available
233,Kolkata to Bankura,https://www.redbus.in/bus-tickets/kolkata-to-bankura,PALLY DUTH PARIBAHAN,A/C Seater (2+3),15:20,04h 25m,19:45,New,298,29 Seats available
234,Kolkata to Bankura,https://www.redbus.in/bus-tickets/kolkata-to-bankura,City Queen Bus Service,Non AC Seater (2+2),20:50,05h 10m,02:00,3.5,INR 250,13 Seats available
235,Kolkata to Bankura,https://www.redbus.in/bus-tickets/kolkata-to-bankura,City Queen Bus Service,Non AC Seater (2+2),21:30,06h 00m,03:30,2.3,INR 285,18 Seats available
